{
"__comment": "Designed by Sphax with BDcraft Cubik PRO 0.76 Beta - http://bdcraft.net",
"ambientocclusion": false,
"textures": {
    "texture": "items/wooden_armorstand"
},
"elements": [ 
{
    "from": [ 3, 0, 3 ],
    "to": [ 13, 1, 13 ],
    "faces": {
        "down":  { "uv": [ 6.5, 5, 16, 14.5 ], "texture": "#texture" },
        "up":    { "uv": [ 6.5, 5, 16, 14.5 ], "texture": "#texture" },
        "north": { "uv": [ 6.5, 14, 16, 14.5 ], "texture": "#texture" },
        "south": { "uv": [ 6.5, 14, 16, 14.5 ], "texture": "#texture" },
        "west":  { "uv": [ 6.5, 14, 16, 14.5 ], "texture": "#texture" },
        "east":  { "uv": [ 6.5, 14, 16, 14.5 ], "texture": "#texture" }
    }
},
{
    "from": [ 5.5, 1, 7 ],
    "to": [ 7, 11, 8.5 ],
    "faces": {
        "north": { "uv": [ 1.5, 1.5, 3, 11 ], "texture": "#texture" },
        "south": { "uv": [ 1.5, 1.5, 3, 11 ], "texture": "#texture" },
        "west":  { "uv": [ 0, 1.5, 1.5, 11 ], "texture": "#texture" },
        "east":  { "uv": [ 0, 1.5, 1.5, 11 ], "texture": "#texture" }
    }
},
{
    "from": [ 9, 1, 7 ],
    "to": [ 10.5, 11, 8.5 ],
    "faces": {
        "north": { "uv": [ 1.5, 1.5, 3, 11 ], "texture": "#texture" },
        "south": { "uv": [ 1.5, 1.5, 3, 11 ], "texture": "#texture" },
        "west":  { "uv": [ 0, 1.5, 1.5, 11 ], "texture": "#texture" },
        "east":  { "uv": [ 0, 1.5, 1.5, 11 ], "texture": "#texture" }
    }
},
{
    "from": [ 4.5, 11, 6.5 ],
    "to": [ 11.5, 13, 9 ],
    "faces": {
        "down":  { "uv": [ 3, 2.5, 13, 5 ], "texture": "#texture" },
        "up":    { "uv": [ 3, 2.5, 13, 5 ], "texture": "#texture" },
        "north": { "uv": [ 3, 2.5, 13, 5 ], "texture": "#texture" },
        "south": { "uv": [ 3, 2.5, 13, 5 ], "texture": "#texture" },
        "west":  { "uv": [ 13, 0, 15.5, 2.5 ], "texture": "#texture" },
        "east":  { "uv": [ 13, 0, 15.5, 2.5 ], "texture": "#texture" }
    }
},
{
    "from": [ 5.5, 13, 7 ],
    "to": [ 7, 20, 8.5 ],
    "faces": {
        "north": { "uv": [ 1.5, 1.5, 3, 8 ], "texture": "#texture" },
        "south": { "uv": [ 1.5, 1.5, 3, 8 ], "texture": "#texture" },
        "west":  { "uv": [ 0, 1.5, 1.5, 8 ], "texture": "#texture" },
        "east":  { "uv": [ 0, 1.5, 1.5, 7.5 ], "texture": "#texture" }
    }
},
{
    "from": [ 3, 20, 6.5 ],
    "to": [ 13, 22, 9 ],
    "faces": {
        "down":  { "uv": [ 3, 2.5, 13, 5 ], "texture": "#texture" },
        "up":    { "uv": [ 3, 2.5, 13, 5 ], "texture": "#texture" },
        "north": { "uv": [ 3, 2.5, 13, 5 ], "texture": "#texture" },
        "south": { "uv": [ 3, 2.5, 13, 5 ], "texture": "#texture" },
        "west":  { "uv": [ 13, 0, 15.5, 2.5 ], "texture": "#texture" },
        "east":  { "uv": [ 13, 0, 15.5, 2.5 ], "texture": "#texture" }
    }
},
{
    "from": [ 9, 13, 7 ],
    "to": [ 10.5, 20, 8.5 ],
    "faces": {
        "north": { "uv": [ 1.5, 1.5, 3, 8 ], "texture": "#texture" },
        "south": { "uv": [ 1.5, 1.5, 3, 8 ], "texture": "#texture" },
        "west":  { "uv": [ 0, 1.5, 1.5, 8 ], "texture": "#texture" },
        "east":  { "uv": [ 0, 1.5, 1.5, 7.5 ], "texture": "#texture" }
    }
},
{
    "from": [ 7.5, 22, 7 ],
    "to": [ 9, 27, 8.5 ],
    "faces": {
        "up":    { "uv": [ 1.5, 0, 3, 1.5 ], "texture": "#texture" },
        "north": { "uv": [ 1.5, 1.5, 3, 7 ], "texture": "#texture" },
        "south": { "uv": [ 1.5, 1.5, 3, 7 ], "texture": "#texture" },
        "west":  { "uv": [ 0, 1.5, 1.5, 7 ], "texture": "#texture" },
        "east":  { "uv": [ 0, 1.5, 1.5, 6.5 ], "texture": "#texture" }
    }
}
],
"display": {
    "thirdperson": {
        "rotation": [ -90, 0, 0 ],
        "translation": [ 0, 1.8, -0.8 ],
        "scale": [ 0.6, 0.4, 0.6 ]
    },
    "head": {
        "rotation": [ 0, 0, 0 ],
        "translation": [ 0, 5.1, 0 ],
        "scale": [ 0.6, 0.4, 0.6 ]
    },
    "firstperson": {
        "rotation": [ 0, 55, 20 ],
        "translation": [ 0, 3, 2 ],
        "scale": [ 0.8, 0.8, 0.8 ]
    },
    "gui": {
        "rotation": [ 0, 90, 0 ],
        "translation": [ 0, -1, 0 ],
        "scale": [ 1, 0.8, 1 ]
    }
}
}