{
"__comment": "Designed by Sphax with Cubik for PureBDcraft - http://bdcraft.net",
"ambientocclusion": false,
"textures": {
    "particle": "blocks/door_wood_upper",
    "door": "blocks/door_wood_upper"
},
"elements": [ 
{
    "from": [ 1.5, 2, 2.5 ],
    "to": [ 1.5625, 12, 13 ],
    "faces": {
        "west":  { "uv": [ 13.5, 4, 3, 14 ], "texture": "#door" },
        "east":  { "uv": [ 3, 4, 13.5, 14 ], "texture": "#door" }
    }
},
{
    "from": [ 0.75, 2, 0 ],
    "to": [ 2.25, 12, 2.5 ],
    "faces": {
        "north": { "uv": [ 0, 4, 1.75, 6.5 ], "texture": "#door" },
        "south": { "uv": [ 1.5, 4, 2, 6.25 ], "texture": "#door" },
        "west":  { "uv": [ 16, 4, 13.5, 14 ], "texture": "#door" },
        "east":  { "uv": [ 13.5, 4, 16, 14 ], "texture": "#door" }
    }
},
{
    "from": [ 0.75, 0, 0 ],
    "to": [ 2.25, 2, 16 ],
    "faces": {
        "down":  { "uv": [ 1.75, 4, 0, 6.25 ], "texture": "#door" },
        "up":    { "uv": [ 1.5, 4.25, 2, 6.25 ], "texture": "#door" },
        "north": { "uv": [ 0, 4.5, 1.75, 6.5 ], "texture": "#door" },
        "south": { "uv": [ 0, 14, 0.5, 16 ], "texture": "#door" },
        "west":  { "uv": [ 16, 14, 0, 16 ], "texture": "#door" },
        "east":  { "uv": [ 0, 14, 16, 16 ], "texture": "#door" }
    }
},
{
    "from": [ 0.75, 2, 13 ],
    "to": [ 2.25, 12, 16 ],
    "faces": {
        "north": { "uv": [ 2, 4, 1.5, 6.75 ], "texture": "#door" },
        "south": { "uv": [ 0, 4, 0.5, 14 ], "texture": "#door" },
        "west":  { "uv": [ 3, 4, 0, 14 ], "texture": "#door" },
        "east":  { "uv": [ 0, 4, 3, 14 ], "texture": "#door" }
    }
},
{
    "from": [ 0, 6, 14 ],
    "to": [ 3, 8.5, 16 ],
    "faces": {
        "down":  { "uv": [ 0, 9.5, 0.5, 10 ], "texture": "#door" },
        "up":    { "uv": [ 0, 9.5, 0.5, 10 ], "texture": "#door" },
        "north": { "uv": [ 0, 7.5, 0.5, 10 ], "texture": "#door" },
        "south": { "uv": [ 0, 7.5, 0.5, 10 ], "texture": "#door" },
        "west":  { "uv": [ 0, 7.5, 2, 10 ], "texture": "#door" },
        "east":  { "uv": [ 0, 7.5, 2, 10 ], "texture": "#door" }
    }
},
{
    "from": [ 0.75, 12, 0 ],
    "to": [ 2.25, 16, 16 ],
    "faces": {
        "down":  { "uv": [ 1.5, 3.75, 2, 5.75 ], "texture": "#door" },
        "up":    { "uv": [ 1.75, 4, 0, 6.5 ], "texture": "#door" },
        "north": { "uv": [ 0, 4, 1.75, 6.5 ], "texture": "#door" },
        "south": { "uv": [ 0, 0, 0.5, 4 ], "texture": "#door" },
        "west":  { "uv": [ 16, 0, 0, 4 ], "texture": "#door" },
        "east":  { "uv": [ 0, 0, 16, 4 ], "texture": "#door" }
    }
}
]
}