{
"__comment": "Designed by Sphax with Cubik for PureBDcraft - http://bdcraft.net",
"ambientocclusion": false,
"textures": {
    "particle": "#side",
    "side": "#side",
    "top": "#top"
},
"elements": [ 
{
    "from": [ 6, 0, 6 ],
    "to": [ 10, 16, 10 ],
    "__comment": "Center post",
    "faces": {
        "down":  { "uv": [ 6, 6, 10, 10 ], "texture": "#top", "cullface": "down" },
        "up":    { "uv": [ 6, 6, 10, 10 ], "texture": "#top" },
        "north": { "uv": [ 6, 0, 10, 16 ], "texture": "#side" },
        "south": { "uv": [ 6, 0, 10, 16 ], "texture": "#side" },
        "west":  { "uv": [ 6, 0, 10, 16 ], "texture": "#side" },
        "east":  { "uv": [ 6, 0, 10, 16 ], "texture": "#side" }
    }
},
{
    "from": [ 7, 12, 0 ],
    "to": [ 9, 15, 16 ],
    "__comment": "North-south top bar",
    "faces": {
        "down":  { "uv": [ 7, 0, 9, 16 ], "texture": "#top", "cullface": "down" },
        "up":    { "uv": [ 7, 0, 9, 16 ], "texture": "#top" },
        "north": { "uv": [ 6, 6, 10, 10 ], "texture": "#top", "cullface": "north" },
        "south": { "uv": [ 6, 6, 10, 10 ], "texture": "#top", "cullface": "south" },
        "west":  { "uv": [ 0, 1, 16, 4 ], "texture": "#side" },
        "east":  { "uv": [ 0, 1, 16, 4 ], "texture": "#side" }
    }
},
{
    "from": [ 7, 6, 0 ],
    "to": [ 9, 9, 16 ],
    "__comment": "North-south lower bar",
    "faces": {
        "down":  { "uv": [ 7, 0, 9, 16 ], "texture": "#top", "cullface": "down" },
        "up":    { "uv": [ 7, 0, 9, 16 ], "texture": "#top" },
        "north": { "uv": [ 6, 6, 10, 10 ], "texture": "#top", "cullface": "north" },
        "south": { "uv": [ 6, 6, 10, 10 ], "texture": "#top", "cullface": "south" },
        "west":  { "uv": [ 0, 7, 16, 10 ], "texture": "#side" },
        "east":  { "uv": [ 0, 7, 16, 10 ], "texture": "#side" }
    }
},
{
    "from": [ 0, 12, 7 ],
    "to": [ 16, 15, 9 ],
    "__comment": "East-west top bar",
    "faces": {
        "down":  { "uv": [ 0, 7, 16, 9 ], "texture": "#top", "cullface": "down" },
        "up":    { "uv": [ 0, 7, 16, 9 ], "texture": "#top" },
        "north": { "uv": [ 0, 1, 16, 4 ], "texture": "#side", "cullface": "north" },
        "south": { "uv": [ 0, 1, 16, 4 ], "texture": "#side", "cullface": "south" },
        "west":  { "uv": [ 6, 6, 10, 10 ], "texture": "#top" },
        "east":  { "uv": [ 6, 6, 10, 10 ], "texture": "#top" }
    }
},
{
    "from": [ 0, 6, 7 ],
    "to": [ 16, 9, 9 ],
    "__comment": "East-west lower bar",
    "faces": {
        "down":  { "uv": [ 0, 7, 16, 9 ], "texture": "#top", "cullface": "down" },
        "up":    { "uv": [ 0, 7, 16, 9 ], "texture": "#top" },
        "north": { "uv": [ 0, 7, 16, 10 ], "texture": "#side", "cullface": "north" },
        "south": { "uv": [ 0, 7, 16, 10 ], "texture": "#side", "cullface": "south" },
        "west":  { "uv": [ 6, 6, 10, 10 ], "texture": "#top" },
        "east":  { "uv": [ 6, 6, 10, 10 ], "texture": "#top" }
    }
}
]
}