{
"__comment": "Designed by Sphax with BDcraft Cubik PRO 0.90 Beta - http://bdcraft.net",
"ambientocclusion": false,
"textures": {
    "particle": "blocks/glass",
    "pane": "blocks/glass"
},
"elements": [ 
{
    "from": [ 7, 0, 7 ],
    "to": [ 9, 16, 9 ],
    "faces": {
        "down":  { "uv": [ 14.25, 16, 16, 14.25 ], "texture": "#pane", "cullface": "down" },
        "up":    { "uv": [ 0, 14.25, 1.75, 16 ], "texture": "#pane", "cullface": "up" },
        "south": { "uv": [ 0, 0, 2, 16 ], "texture": "#pane" },
        "west":  { "uv": [ 14, 0, 16, 16 ], "texture": "#pane" }
    }
},
{
    "from": [ 9, 0, 7 ],
    "to": [ 16, 16, 9 ],
    "faces": {
        "down":  { "uv": [ 2, 15.75, 10.25, 16 ], "texture": "#pane", "cullface": "down" },
        "up":    { "uv": [ 2, 15.75, 10, 16 ], "texture": "#pane", "cullface": "up" },
        "north": { "uv": [ 11.5, 0, 4.5, 16 ], "texture": "#pane" },
        "south": { "uv": [ 2, 0, 9, 16 ], "texture": "#pane" }
    }
},
{
    "from": [ 7, 0, 0 ],
    "to": [ 9, 16, 7 ],
    "faces": {
        "down":  { "uv": [ 15.75, 14, 16, 7 ], "texture": "#pane", "cullface": "down" },
        "up":    { "uv": [ 15.75, 7, 16, 14 ], "texture": "#pane", "cullface": "up" },
        "west":  { "uv": [ 7, 0, 14, 16 ], "texture": "#pane" },
        "east":  { "uv": [ 11.5, 0, 4.5, 16 ], "texture": "#pane" }
    }
}
]
}