{
"__comment": "Designed by Sphax with BDcraft Cubik PRO 0.87 Beta - http://bdcraft.net",
"ambientocclusion": false,
"textures": {
    "particle": "blocks/glass",
    "pane": "blocks/glass"
},
"elements": [ 
{
    "from": [ 7, 0, 7 ],
    "to": [ 9, 16, 9 ],
    "faces": {
        "down":  { "uv": [ 15.75, 9.25, 16, 11 ], "texture": "#pane" },
        "up":    { "uv": [ 15.75, 9.25, 16, 11 ], "texture": "#pane" },
        "south": { "uv": [ 7, 0, 9, 16 ], "texture": "#pane" },
        "west":  { "uv": [ 7, 0, 9, 16 ], "texture": "#pane" }
    }
},
{
    "from": [ 9, 0, 7 ],
    "to": [ 16, 16, 9 ],
    "faces": {
        "down":  { "uv": [ 15.75, 0, 16, 7 ], "rotation": 90, "texture": "#pane" },
        "up":    { "uv": [ 15.75, 0, 16, 7 ], "rotation": 90, "texture": "#pane" },
        "north": { "uv": [ 0, 0, 7, 16 ], "texture": "#pane" },
        "south": { "uv": [ 9, 0, 16, 16 ], "texture": "#pane" }
    }
},
{
    "from": [ 7, 0, 0 ],
    "to": [ 9, 16, 7 ],
    "faces": {
        "down":  { "uv": [ 15.75, 7, 16, 0 ], "texture": "#pane" },
        "up":    { "uv": [ 15.75, 0, 16, 7 ], "texture": "#pane" },
        "west":  { "uv": [ 0, 0, 7, 16 ], "texture": "#pane" },
        "east":  { "uv": [ 9, 0, 16, 16 ], "texture": "#pane" }
    }
}
]
}