{
"__comment": "Designed by Sphax with BDcraft Cubik PRO 0.75 Beta - http://bdcraft.net",
"ambientocclusion": false,
"textures": {
    "particle": "blocks/glass",
    "pane": "blocks/glass"
},
"elements": [ 
{
    "from": [ 7, 0, 0 ],
    "to": [ 9, 16, 7 ],
    "faces": {
        "down":  { "uv": [ 15.75, 7, 16, 0 ], "texture": "#pane", "cullface": "down" },
        "up":    { "uv": [ 15.75, 16, 16, 9 ], "texture": "#pane", "cullface": "up" },
        "north": { "uv": [ 15.75, 0, 16, 16 ], "texture": "#pane", "cullface": "north" },
        "west":  { "uv": [ 0, 0, 7, 16 ], "texture": "#pane" },
        "east":  { "uv": [ 9, 0, 16, 16 ], "texture": "#pane" }
    }
},
{
    "from": [ 9, 0, 7 ],
    "to": [ 16, 16, 9 ],
    "faces": {
        "down":  { "uv": [ 9, 16, 16, 15.75 ], "texture": "#pane", "cullface": "down" },
        "up":    { "uv": [ 9, 15.75, 16, 16 ], "texture": "#pane", "cullface": "up" },
        "north": { "uv": [ 0, 0, 7, 16 ], "texture": "#pane" },
        "south": { "uv": [ 9, 0, 16, 16 ], "texture": "#pane" },
        "east":  { "uv": [ 15.75, 0, 16, 15.75 ], "texture": "#pane", "cullface": "east" }
    }
},
{
    "from": [ 7, 0, 7 ],
    "to": [ 9, 16, 9 ],
    "faces": {
        "down":  { "uv": [ 15.75, 9, 16, 7 ], "texture": "#pane", "cullface": "down" },
        "up":    { "uv": [ 15.75, 7, 16, 8.5 ], "texture": "#pane", "cullface": "up" },
        "west":  { "uv": [ 7, 0, 9, 16 ], "texture": "#pane" }
    }
},
{
    "from": [ 7, 0, 9 ],
    "to": [ 9, 16, 16 ],
    "faces": {
        "down":  { "uv": [ 15.75, 16, 16, 9 ], "texture": "#pane", "cullface": "down" },
        "up":    { "uv": [ 15.75, 7, 16, 0 ], "texture": "#pane", "cullface": "up" },
        "south": { "uv": [ 15.75, 0, 16, 16 ], "texture": "#pane", "cullface": "south" },
        "west":  { "uv": [ 9, 0, 16, 16 ], "texture": "#pane" },
        "east":  { "uv": [ 0, 0, 7, 16 ], "texture": "#pane" }
    }
}
]
}