{
"__comment": "Designed by Sphax with BDcraft Cubik PRO 0.75 Beta - http://bdcraft.net",
"ambientocclusion": false,
"textures": {
    "particle": "blocks/torch_on",
    "torch": "blocks/torch_on",
    "fire": "blocks/bdc_torch"
},
"elements": [ 
{
    "__comment": "torch",
    "from": [ 6.75, 6.5, 6.75 ],
    "to": [ 9.25, 10.5, 9.25 ],
    "shade": false,
    "faces": {
        "down":  { "uv": [ 6.5, 9.5, 9.5, 6.5 ], "texture": "#torch", "cullface": "down" },
        "up":    { "uv": [ 6.5, 5.5, 9.5, 8.5 ], "texture": "#torch" },
        "north": { "uv": [ 6.5, 5.5, 9.5, 9.5 ], "texture": "#torch" },
        "south": { "uv": [ 6.5, 5.5, 9.5, 9.5 ], "texture": "#torch" },
        "west":  { "uv": [ 9.5, 5.5, 6.5, 9.5 ], "texture": "#torch" },
        "east":  { "uv": [ 9.5, 5.5, 6.5, 9.5 ], "texture": "#torch" }
    }
},
{
    "__comment": "stick",
    "from": [ 7.25, 0, 7.25 ],
    "to": [ 8.75, 11, 8.75 ],
    "faces": {
        "down":  { "uv": [ 7, 16, 9, 14.25 ], "texture": "#torch", "cullface": "down" },
        "up":    { "uv": [ 7, 14.25, 9, 16 ], "texture": "#torch" },
        "north": { "uv": [ 7.25, 5, 8.75, 16 ], "texture": "#torch" },
        "south": { "uv": [ 7.25, 5, 8.75, 16 ], "texture": "#torch" },
        "west":  { "uv": [ 7.25, 5, 8.75, 16 ], "texture": "#torch" },
        "east":  { "uv": [ 7.25, 5, 8.75, 16 ], "texture": "#torch" }
    }
},
{
    "from": [ 5.5, 6.5, 5.5 ],
    "to": [ 5.5625, 20.5, 12.5 ],
    "shade": false,
    "rotation": { "origin": [ 5.5, 6.5, 5.5 ], "axis": "y", "angle": 45 },
    "faces": {
        "west":  { "uv": [ 5, 0, 11, 16 ], "texture": "#fire" },
        "east":  { "uv": [ 5, 0, 11, 16 ], "texture": "#fire" }
    }
},
{
    "from": [ 10.5, 6.5, 5.5 ],
    "to": [ 10.5625, 20.5, 12.5 ],
    "shade": false,
    "rotation": { "origin": [ 10.5, 6.5, 5.5 ], "axis": "y", "angle": -45 },
    "faces": {
        "west":  { "uv": [ 5, 0, 11, 16 ], "texture": "#fire" },
        "east":  { "uv": [ 5, 0, 11, 16 ], "texture": "#fire" }
    }
}
]
}