{
"__comment": "Designed by Sphax with BDcraft Cubik PRO 0.75 Beta - http://bdcraft.net",
"ambientocclusion": false,
"textures": {
    "particle": "blocks/redstone_torch_off",
    "torch": "blocks/redstone_torch_off"
},
"elements": [ 
{
    "from": [ 3.5, 3.5, 7 ],
    "to": [ 4, 5.5, 9 ],
    "__comment": "ironB*",
    "faces": {
        "down":  { "uv": [ 0, 9, 3, 9.5 ], "texture": "#torch" },
        "up":    { "uv": [ 0, 9, 3, 9.5 ], "texture": "#torch" },
        "east":  { "uv": [ 6.75, 12, 9, 14 ], "texture": "#torch" }
    }
},
{
    "from": [ 0, 3.5, 9 ],
    "to": [ 4, 5.5, 9.5 ],
    "__comment": "ironB*",
    "faces": {
        "down":  { "uv": [ 2.5, 9, 3, 12 ], "texture": "#torch" },
        "up":    { "uv": [ 2.5, 9, 3, 12 ], "texture": "#torch" },
        "north": { "uv": [ 6, 12, 10, 14 ], "texture": "#torch" },
        "south": { "uv": [ 6, 12, 10, 14 ], "texture": "#torch" },
        "east":  { "uv": [ 6, 12, 6.75, 14 ], "texture": "#torch" }
    }
},
{
    "from": [ 2.5, 12.5, 6 ],
    "to": [ 5.25, 14.5, 8.75 ],
    "shade": false,
    "rotation": { "origin": [ 2.5, 12.5, 6 ], "axis": "y", "angle": -45 },
    "__comment": "torch_inner*",
    "faces": {
        "up":    { "uv": [ 7.25, 4.5, 7.75, 5 ], "texture": "#torch" },
        "north": { "uv": [ 7.75, 6, 8.5, 6.75 ], "texture": "#torch" },
        "south": { "uv": [ 7.75, 6, 8.5, 6.75 ], "texture": "#torch" },
        "west":  { "uv": [ 7.75, 6, 8.5, 6.75 ], "texture": "#torch" },
        "east":  { "uv": [ 7.75, 6, 8.5, 6.75 ], "texture": "#torch" }
    }
},
{
    "from": [ 0.5, 12.4375, 6 ],
    "to": [ 4.5, 12.5, 10 ],
    "shade": false,
    "faces": {
        "down":  { "uv": [ 1, 14, 1.75, 14.75 ], "texture": "#torch" },
        "up":    { "uv": [ 8, 6, 8.75, 6.75 ], "texture": "#torch" }
    }
},
{
    "from": [ 0.5, 9, 6 ],
    "to": [ 0.5625, 14.5, 10 ],
    "shade": false,
    "__comment": "torch_reverse",
    "faces": {
        "east":  { "uv": [ 0, 3, 4, 8.5 ], "texture": "#torch" }
    }
},
{
    "from": [ 0.25, 8.5, 9.75 ],
    "to": [ 0.75, 11.5, 10.25 ],
    "__comment": "ironV",
    "faces": {
        "down":  { "uv": [ 0, 9, 0.5, 9.5 ], "texture": "#torch" },
        "up":    { "uv": [ 0.5, 9.5, 1, 10 ], "texture": "#torch" },
        "north": { "uv": [ 5, 6, 5.5, 9 ], "texture": "#torch" },
        "south": { "uv": [ 5, 6, 5.5, 9 ], "texture": "#torch" },
        "west":  { "uv": [ 5, 6, 5.5, 9 ], "texture": "#torch" },
        "east":  { "uv": [ 5, 6, 5.5, 9 ], "texture": "#torch" }
    }
},
{
    "from": [ 4.25, 8.5, 9.75 ],
    "to": [ 4.75, 11.5, 10.25 ],
    "__comment": "ironV",
    "faces": {
        "down":  { "uv": [ 0, 9, 0.5, 9.5 ], "texture": "#torch" },
        "up":    { "uv": [ 0.5, 9.5, 1, 10 ], "texture": "#torch" },
        "north": { "uv": [ 5, 6, 5.5, 9 ], "texture": "#torch" },
        "south": { "uv": [ 5, 6, 5.5, 9 ], "texture": "#torch" },
        "west":  { "uv": [ 5, 6, 5.5, 9 ], "texture": "#torch" },
        "east":  { "uv": [ 5, 6, 5.5, 9 ], "texture": "#torch" }
    }
},
{
    "from": [ 4.25, 8.5, 5.75 ],
    "to": [ 4.75, 11.5, 6.25 ],
    "__comment": "ironV",
    "faces": {
        "down":  { "uv": [ 0, 9, 0.5, 9.5 ], "texture": "#torch" },
        "up":    { "uv": [ 0.5, 9.5, 1, 10 ], "texture": "#torch" },
        "north": { "uv": [ 5, 6, 5.5, 9 ], "texture": "#torch" },
        "south": { "uv": [ 5, 6, 5.5, 9 ], "texture": "#torch" },
        "west":  { "uv": [ 5, 6, 5.5, 9 ], "texture": "#torch" },
        "east":  { "uv": [ 5, 6, 5.5, 9 ], "texture": "#torch" }
    }
},
{
    "from": [ 0.25, 8.5, 5.75 ],
    "to": [ 0.75, 11.5, 6.25 ],
    "__comment": "ironV",
    "faces": {
        "down":  { "uv": [ 0, 9, 0.5, 9.5 ], "texture": "#torch" },
        "up":    { "uv": [ 0.5, 9.5, 1, 10 ], "texture": "#torch" },
        "north": { "uv": [ 5, 6, 5.5, 9 ], "texture": "#torch" },
        "south": { "uv": [ 5, 6, 5.5, 9 ], "texture": "#torch" },
        "west":  { "uv": [ 5, 6, 5.5, 9 ], "texture": "#torch" },
        "east":  { "uv": [ 5, 6, 5.5, 9 ], "texture": "#torch" }
    }
},
{
    "from": [ 0, 3.5, 6.5 ],
    "to": [ 4, 5.5, 7 ],
    "__comment": "ironB",
    "faces": {
        "down":  { "uv": [ 0, 9, 0.5, 12 ], "texture": "#torch" },
        "up":    { "uv": [ 0, 9, 0.5, 12 ], "texture": "#torch" },
        "north": { "uv": [ 6, 12, 10, 14 ], "texture": "#torch" },
        "south": { "uv": [ 6, 12, 10, 14 ], "texture": "#torch" },
        "east":  { "uv": [ 9, 12, 10, 14 ], "texture": "#torch" }
    }
},
{
    "from": [ 2.4375, 9, 6 ],
    "to": [ 5.1875, 12.5, 8.75 ],
    "shade": false,
    "rotation": { "origin": [ 2.4375, 9, 6 ], "axis": "y", "angle": -45 },
    "__comment": "torch_inner",
    "faces": {
        "north": { "uv": [ 1, 14, 1.75, 14.75 ], "texture": "#torch" },
        "south": { "uv": [ 1, 14, 1.75, 14.75 ], "texture": "#torch" },
        "west":  { "uv": [ 1, 14, 1.75, 14.75 ], "texture": "#torch" },
        "east":  { "uv": [ 1, 14, 1.75, 14.75 ], "texture": "#torch" }
    }
},
{
    "from": [ 0.5, 9, 6 ],
    "to": [ 4.5, 14.5, 10 ],
    "__comment": "torch",
    "faces": {
        "north": { "uv": [ 6, 3, 10, 8.5 ], "texture": "#torch" },
        "south": { "uv": [ 6, 3, 10, 8.5 ], "texture": "#torch" },
        "west":  { "uv": [ 6, 3, 10, 8.5 ], "texture": "#torch" },
        "east":  { "uv": [ 6, 3, 10, 8.5 ], "texture": "#torch" }
    }
},
{
    "from": [ 0.5, 8, 6 ],
    "to": [ 4.5, 9, 10 ],
    "__comment": "iron_base",
    "faces": {
        "down":  { "uv": [ 0, 9, 3, 12 ], "texture": "#torch" },
        "up":    { "uv": [ 0, 13, 3, 16 ], "texture": "#torch" },
        "north": { "uv": [ 6.5, 8.5, 9.5, 9.5 ], "texture": "#torch" },
        "south": { "uv": [ 6.5, 8.5, 9.5, 9.5 ], "texture": "#torch" },
        "west":  { "uv": [ 6.5, 8.5, 9.5, 9.5 ], "texture": "#torch" },
        "east":  { "uv": [ 6.5, 8.5, 9.5, 9.5 ], "texture": "#torch" }
    }
},
{
    "from": [ 1.5, 1.5, 7 ],
    "to": [ 3.5, 8, 9 ],
    "__comment": "wood",
    "faces": {
        "down":  { "uv": [ 7, 14, 9, 15 ], "texture": "#torch" },
        "north": { "uv": [ 7, 9.5, 9, 16 ], "texture": "#torch" },
        "south": { "uv": [ 7, 9.5, 9, 16 ], "texture": "#torch" },
        "west":  { "uv": [ 7, 9.5, 9, 16 ], "texture": "#torch" },
        "east":  { "uv": [ 7, 9.5, 9, 16 ], "texture": "#torch" }
    }
},
{
    "from": [ 4.5, 9, 6 ],
    "to": [ 4.5625, 14.5, 10 ],
    "shade": false,
    "__comment": "torch_reverse*",
    "faces": {
        "west":  { "uv": [ 0, 3, 4, 8.5 ], "texture": "#torch" }
    }
},
{
    "from": [ 0.5, 9, 6 ],
    "to": [ 4.5, 14.5, 6 ],
    "shade": false,
    "__comment": "torch_reverse*",
    "faces": {
        "south": { "uv": [ 0, 3, 4, 8.5 ], "texture": "#torch" }
    }
},
{
    "from": [ 0.5, 9, 10 ],
    "to": [ 4.5, 14.5, 10 ],
    "shade": false,
    "__comment": "torch_reverse*",
    "faces": {
        "north": { "uv": [ 0, 3, 4, 8.5 ], "texture": "#torch" }
    }
}
]
}